Title,Author(s),Published Year,Editions,Avg. Rating,Num. of Ratings
Data Science for Business: What you need to know about data mining and data-analytic thinking,"['Foster Provost', 'Tom Fawcett']",2013,14,4.16,"1,734"
Data Smart: Using Data Science to Transform Information into Insight,['John W. Foreman'],2013,15,4.14,892
Data Science from Scratch: First Principles with Python,['Joel Grus'],2015,20,3.93,745
Doing Data Science,"['Rachel Schutt', ""Cathy O'Neil""]",2013,10,3.70,511
"R for Data Science: Import, Tidy, Transform, Visualize, and Model Data","['Hadley Wickham', 'Garrett Grolemund']",2016,14,4.60,625
Numsense! Data Science for the Layman: No Math Added,"['Annalyn Ng', 'Kenneth Soo']",0,6,4.16,446
Python Data Science Handbook: Tools and Techniques for Developers,['Jake Vanderplas'],2016,8,4.32,336
What Is Data Science?,['Mike Loukides'],2011,7,3.69,572
Data Science,"['John D. Kelleher', 'Brendan Tierney']",0,5,3.96,370
The Art of Data Science: A Guide for Anyone Who Works with Data,"['Roger D. Peng', 'Elizabeth Matsui']",2015,2,3.78,194
Building Data Science Teams,['D.J. Patil'],2011,5,3.67,301
"Computer Age Statistical Inference: Algorithms, Evidence, and Data Science","['Bradley Efron', 'Trevor Hastie']",0,4,4.45,89
Data Science for Executives: Leveraging Machine Intelligence to Drive Business ROI,['Nir Kaldero'],0,2,3.77,39
Data Science For Dummies,['Lillian Pierson'],2014,13,3.42,155
Practical Data Science with R,"['Nina Zumel', 'John Mount']",2014,2,4.11,79
R Programming for Data Science,['Roger D. Peng'],2015,3,3.63,147
"Humanizing Big Data: Marketing at the Meeting of Data, Social Science & Consumer Insight",['Colin Strong'],2014,1,3.74,35
Ethics and Data Science,"['Mike Loukides', 'Hilary Mason', 'Dj Patil']",0,4,4.20,95
Practical Data Science Cookbook,"['Tony Ojeda', 'Sean Patrick Murphy', 'Benjamin Bengfort']",2014,4,3.83,36
The Data Science Handbook,"['Carl Shan', 'Henry Wang', 'William Chen']",2015,1,3.91,76
Agile Data Science: Building Data Analytics Applications with Hadoop,['Russell Jurney'],2012,7,3.33,69
Think Like a Data Scientist: Tackle the data science process step-by-step,['Brian Godsey'],0,1,3.82,50
How Data Science Is Transforming Health Care,"['Mike Loukides', ""Tim O'Reilly"", 'Julie Steele']",2012,6,3.48,112
Data Science with R,['Garrett Grolemund'],2015,1,4.56,91
Data Science at the Command Line: Facing the Future with Time-Tested Tools,['Jeroen Janssens'],2014,7,3.83,115
The Data Science Design Manual,['Steven Skiena'],0,3,4.63,27
"Analytics: Data Science, Data Analysis and Predictive Analytics for Business",['Daniel Covington'],0,3,3.14,56
"Data Science from Scratch with Python: Step-by-Step Beginner Guide for Statistics, Machine Learning, Deep learning and NLP using Python, Numpy, Pandas, Scipy, Matplotlib, Sciki-Learn, TensorFlow",['Peter Morgan'],0,2,4.12,25
The Data Science Handbook: Advice and Insights from 25 Amazing Data Scientists,"['Carl Shan', 'William Chen', 'Henry Wang']",2015,1,4.12,24
R for Data Science,"['Garrett Grolemund', 'Hadley Wickham']",0,2,4.77,47
Malware Data Science: Attack Detection and Attribution,"['Joshua Saxe', 'Hillary Sanders']",0,2,3.91,22
Python for Data Science For Dummies,"['John Paul Mueller', 'Luca Massaron']",2015,9,4.04,26
"Business Data Science: Combining Machine Learning and Economics to Optimize, Automate, and Accelerate Business Decisions",['Matt Taddy'],0,3,4.27,15
"Data Analytics: Applicable Data Analysis to Advance Any Business Using the Power of Data Driven Analytics (Big Data Analytics, Data Science, Business Intelligence Book 6)",['Jeff Reed'],0,1,3.41,32
Getting Started with Data Science: Making Sense of Data with Analytics,['Murtaza Haider'],2015,5,4.35,23
Data Analytics: What Every Business Must Know About Big Data And Data Science,['James                   Smith'],0,2,4.12,43
Data science interviews exposed,"['Jane You', 'Iris Wang', 'Yanping Huang']",2015,1,3.37,19
The Data Science Handbook,['Field Cady'],0,4,3.84,31
"Data Science and Big Data Analytics: Discovering, Analyzing, Visualizing and Presenting Data",['EMC Education Services'],2014,5,3.90,48
Build a Career in Data Science,"['Emily  Robinson', 'Jacqueline Nolis']",0,1,4.42,33
"Machine Learning: w/ Java, Lvl 1: Create GREAT Machine Learning Algorithms! Build INTELLIGENT Apps TODAY! Great for: Data Mining, Neural Networks, Deep ... Intelligence (Machine Learning Series)","['Q Data Science and Machine Intel', 'EZEE Programming']",0,1,4.50,2
"C#: Machine Learning, Lvl 1: Create GREAT Machine Learning Algorithms! Build INTELLIGENT Apps TODAY! Great for: Data Mining, Neural Networks, Deep Learning, ... Intelligence (Machine Learning Series)","['Q Data Science and Machine Intel', 'EZEE Programming']",0,1,4.00,1
Data Science on the Google Cloud Platform: Implementing End-To-End Real-Time Data Pipelines: From Ingest to Machine Learning,['Valliappa Lakshmanan'],0,6,4.13,30
Computer Science With C++ Concepts File Handling Data Structures - Vol. I and II,['Sumita Arora'],0,1,4.11,538
The Enterprise Big Data Lake: Delivering the Promise of Big Data and Data Science,['Alex Gorelik'],0,6,3.70,46
"Data Science for Beginners: 4 Books in 1: Python Programming, Data Analysis, Machine Learning. A Complete Overview to Master The Art of Data Science From Scratch Using Python for Business",['Andrew Park'],0,1,4.56,9
Big Data MBA: Driving Business Strategies with Data Science,['Bill Schmarzo'],2016,5,3.82,45
Data Science from Scratch with Python: A Step By Step Guide for Beginner's and Faster Way To Learn Python In 7 Days & NLP using Advanced,['Richard Wilson'],0,2,4.25,4
Report Writing for Data Science in R,['Roger D. Peng'],2015,2,3.70,30
A Simple Introduction to Data Science,"['Lars Nielsen', 'noreen burlingame']",2012,2,3.47,73
Agile Data Science 2.0: Building Full-Stack Data Analytics Applications with Spark,['Russell Jurney'],0,6,3.59,39
Foundations of Data Science,"['Avrim Blum', 'John Hopcroft', 'Ravindran Kannan']",0,6,4.08,13
Analytics in a Big Data World: The Essential Guide to Data Science and Its Applications,['Bart Baesens'],2014,6,3.61,38
"Fraud Analytics Using Descriptive, Predictive, and Social Network Techniques: A Guide to Data Science for Fraud Detection (Wiley and SAS Business Series)","['Bart Baesens', 'Veronique Van Vlasselaer', 'Wouter Verbeke']",2015,5,3.92,40
"Data Analytics: Practical Guide to Leveraging the Power of Algorithms, Data Science, Data Mining, Statistics, Big Data, and Predictive Analysis to Improve Business, Work, and Life",['Arthur Zhang'],0,2,3.22,18
"Python: 4 Books in 1: Ultimate Beginner's Guide, 7 Days Crash Course, Advanced Guide, and Data Science, Learn Computer Programming and Machine Learning with Step-by-Step Exercises",['John Russel'],0,2,4.00,2
Python Data Science Essentials - Learn the fundamentals of Data Science with Python,"['Alberto Boschetti', 'Luca Massaron']",2015,6,3.90,41
"Deep Learning in Python: Master Data Science and Machine Learning with Modern Neural Networks written in Python, Theano, and TensorFlow",['Lazy Programmer'],0,2,3.55,31
"Data Science From Scratch: First Principles with Python, Second Edition",['Joel Grus'],0,2,3.50,10
Machine Learning: An Introduction Math Guide for Beginners to Understand Data Science Through the Business Applications,['Samuel Hack'],0,1,5.00,4
Going Pro in Data Science: What It Takes to Succeed as a Professional Data Scientist,['Jerry Overton'],0,1,3.11,37
100 Questions to Crack Data Science Interview,['TheDataMonk'],0,1,4.00,20
Executive Data Science,"['Brian Caffo', 'Roger D. Peng', 'Jeffrey Leek']",0,1,3.55,31
"Java Programming: Master's Handbook: A TRUE Beginner's Guide! Problem Solving, Code, Data Science, Data Structures & Algorithms (Code like a PRO in 24 ... design, tech, perl, ajax, swift, python)","['Code Well Academy', 'R.M.Z. Trigo']",2015,1,3.27,15
An Introduction to Data Science,['Jeffrey M. Stanton'],0,2,3.19,27
"Data Science from Scratch: The #1 Data Science Guide for Everything A Data Scientist Needs to Know: Python, Linear Algebra, Statistics, Coding, Applications, Neural Networks, and Decision Tree",['Steven Cooper'],0,2,2.70,23
Statistical inference for data science,['Brian Caffo'],2015,1,3.10,30
"Learning to Love Data Science: Explorations of Emerging Technologies and Platforms for Predictive Analytics, Machine Learning, Digital Manufacturing and Supply Chain Optimization",['Mike Barlow'],2015,6,3.51,39
Markov Models: Master Data Science and Unsupervised Machine Learning in Python,['LazyProgrammer'],0,1,3.78,23
"Big Data Demystified: How to Use Big Data, Data Science and AI to Make Better Business Decisions and Gain Competitive Advantage",['David Stephenson'],2018,2,3.70,27
"Intro to Python for Computer Science and Data Science: Learning to Program with Ai, Big Data and the Cloud","['Paul Deitel', 'Harvey Deitel']",0,1,4.00,9
"Machine Learning Mathematics: Study Deep Learning Through Data Science. How to Build Artificial Intelligence Through Concepts of Statistics, Algorithms, Analysis and Data Mining",['Samuel Hack'],0,3,4.14,14
"Data-Driven Science and Engineering: Machine Learning, Dynamical Systems, and Control","['Steven L. Brunton', 'J. Nathan Kutz']",0,4,5.00,8
Introduction to Data Science: Essential Concepts,['Peters Morgan'],0,2,4.20,10
The Field Guide to Data Science,['Booz Allen Hamilton'],2013,2,3.61,28
Principles of Data Science: Learn the techniques and math you need to start making sense of your data,['Sinan Ozdemir'],0,3,4.05,22
Python for Beginners: The Ultimate Crash Course to Learn Python in 7 days With Step-by-Step Guidance and Hands-On Exercises (Data Science Book 1),['Andrew Park'],0,2,5.00,1
"PYTHON: Learn Coding Programs with Python Programming and Master Data Analysis & Analytics, Data Science and Machine Learning with the Complete Crash Course for Beginners - 4 Books in 1",['Tech Ed Academy'],0,1,3.33,3
Python for Data Science for Dummies,['Zanab Hussain'],2014,3,4.39,18
"Data Science for Beginners: This Book Includes - Machine Learning for Beginners + Python Machine Learning for Beginners - Big Data Analytics, Data Science, Data Analysis and Programming Code",['Leonard Deep'],0,2,3.25,4
Introducing Data Science,"['Davy Cielen', 'Arno D.B. Meysman', 'Mohamed  Ali']",0,4,3.31,35
Python Data Science Cookbook,['Gopi Subramanian'],0,5,3.50,12
Probability & Statistics for Data Science,['Ankit  Rathi'],0,2,4.15,13
Marketing Data Science: Modeling Techniques in Predictive Analytics with R and Python,['Thomas W. Miller Jr.'],2015,3,3.79,14
A collection of Data Science Interview Questions Solved in Python and Spark: BigData and Machine Learning in Python and Spark (A Collection of Programming Interview Questions Book 6),['Antonio Gulli'],0,3,3.42,12
PYTHON: 4 BOOKS IN 1: Learn How To Develop Programs And Apps In 7 Days With Python Programming And Start Deep Hands-on Learning For Beginners of Data Science And Machine Learning.,"['Oliver R. Simpson', 'Code Developer Academy']",0,1,4.25,4
Process Mining: Data Science in Action,['Wil van der Aalst'],0,3,4.19,16
Data Science from Scratch: Practical Guide with Python,['Alain Kaufmann'],0,3,3.92,12
"Data Analytics: Master The Techniques For Data Science, Big Data And Data Analytics",['Robert Keane'],0,2,2.70,20
"Business Intelligence, Analytics, and Data Science: A Managerial Perspective","['Ramesh Sharda', 'Dursun Delen', 'Efraim Turban']",0,4,3.88,26
"Swift: Programming, Master's Handbook: A TRUE Beginner's Guide! Problem Solving, Code, Data Science, Data Structures & Algorithms","['Code Well Academy', 'R.M.Z. Trigo']",2015,1,2.62,13
Deep Learning: Deep Learning for Beginners. Practical Guide with Python and Tensorflow (Data Sciences Book 2),['François Duval'],0,1,3.86,7
"Data Science in Python. Volume 1: Get and Install Scientific Python3: WinPython, Anaconda",['Alexander Stepanov'],0,1,3.67,9
Heard In Data Science Interviews: Over 650 Most Commonly Asked Interview Questions & Answers,['Kal Mishra'],0,1,3.57,7
Deep Learning Made Easy with R: A Gentle Introduction for Data Science,['N.D. Lewis'],0,2,3.30,10
High-Dimensional Probability: An Introduction with Applications in Data Science,['Roman Vershynin'],0,5,4.73,11
"Neural Networks: Artificial Neural Networks. Concepts, Tools and Techniques explained for Absolute Beginners",['François Duval'],0,1,3.57,14
Deep Learning: Deep Learning for Beginners: Concepts and Algorithms,['François Duval'],0,1,4.09,11
Deep Learning in Python Prerequisites: Master Data Science and Machine Learning with Linear Regression and Logistic Regression in Python,['Lazy Programmer'],0,2,2.76,21
Marketing Data Science: Modeling Techniques in Predictive Analytics with R and Python,['Thomas W. Miller'],2015,1,3.33,6
Conversations on Data Science,['Roger D. Peng'],0,1,3.12,25
Data Science in R: A Case Studies Approach to Computational Reasoning and Problem Solving,"['Deborah Nolan', 'Duncan Temple Lang']",2015,4,4.60,5
"Data Analytics: Practical Data Analysis and Statistical Guide to Transform and Evolve Any Business Leveraging the Power of Data Analytics, Data Science, and Predictive Analytics for Beginners",['Isaac D. Cody'],0,2,2.71,17
PYTHON FOR DATA SCIENCE: The Ultimate Beginners’ Guide to Learning Python Data Science Step by Step,['Ethan Williams'],0,1,4.33,3
Data Science From Scratch With Python: Step By Step Guide,['Peters Morgan'],0,3,4.33,15
"Ruby: Programming, Master's Handbook: A TRUE Beginner's Guide! Problem Solving, Code, Data Science, Data Structures & Algorithms (Code like a PRO in 24 ... design, tech, perl, ajax, swift, python)","['Code Well Academy', 'R.M.Z. Trigo']",2015,1,3.10,10
Data Science: Create Teams That Ask the Right Questions and Deliver Real Value,['Doug Rose'],0,2,3.72,18
"Unsupervised Machine Learning in Python: Master Data Science and Machine Learning with Cluster Analysis, Gaussian Mixture Models, and Principal Components Analysis",['Lazy Programmer'],0,1,3.55,11
Machine Learning: 4 Books in 1: A Complete Overview for Beginners to Master the Basics of Python Programming and Understand How to Build Artificial Intelligence Through Data Science,['Samuel Hack'],0,2,5.00,6
"RUBY: 2nd Edition! Beginner's Crash Course - Ruby for Beginners Guide to: Ruby Programming, Ruby On Rails, Rails Programming (Data Structures, Data Science, ... Computer Science, Computer Book 1)",['Quick Start Guides'],2015,1,3.70,10
"Python for Data Analysis: A Step By Step Guide to Master the Basics of Data Analysis in Python Using Pandas, Numpy And Ipython (Data Science Book 2)",['Andrew Park'],0,2,2.75,4
Decoding the Social World: Data Science and the Unintended Consequences of Communication,['Sandra González-Bailón'],0,2,4.22,9
Python Machine Learning: Practical Guide for Beginners,['François Duval'],0,3,3.57,7
"R for Data Science - R Data Science Tips, Solutions and Strategies",['Dan Toomey'],2014,3,3.33,6
Data Science 2.0: Live Raspberry Pi 3 and Arduino Projects using Python 3.7,['Narendra Mohan Mittal'],0,1,5.00,35
Data Science Essentials in Python: Collect - Organize - Explore - Predict - Value,['Dmitry Zinoviev'],0,4,2.85,13
100 Puzzles and Case Studies To Crack Data Science Interview,['TheDataMonk'],0,1,3.64,11
"Convolutional Neural Networks in Python: Master Data Science and Machine Learning with Modern Deep Learning in Python, Theano, and TensorFlow",['Lazy Programmer'],0,1,3.55,11
Python Machine Learning: A Complete Guide for Beginners on Machine Learning and Deep Learning with Python (Data Science Book 3),['Andrew Park'],0,2,4.00,1
Uncharted: Big Data and an Emerging Science of Human History,"['Erez Aiden', 'Jean-Baptiste Michel']",2013,5,3.73,629
Data Science: A Comprehensive Beginner’s Guide to Learn the Realms of Data Science,['Liam Damien'],0,2,3.57,7
"Crack Your Next Data Science Interview with 300+ Questions: SQL,Statistics,Python,R,Aptitude,Project Description",['The DataMonk'],0,1,3.43,7
Data Science and Machine Learning 2.0 Using Python 3.7: : with Live OpenCV and TensorFlow Projects,['Narendra Mohan Mittal'],0,1,5.00,35
"Data Science: The Ultimate Guide to Data Analytics, Data Mining, Data Warehousing, Data Visualization, Regression Analysis, Database Querying, Big Data for Business and Machine Learning for Beginners",['Herbert Jones'],0,1,2.92,12
Mastering Deep Learning Fundamentals with Python: An Ultimate Guide for Beginners in Data Science,['AI Publishing'],0,2,3.00,3
Data Science from Scratch: Data Science for Beginners and Layman,['Narendra Mohan Mittal'],0,1,5.00,36
"Programming Skills for Data Science: Start Writing Code to Wrangle, Analyze, and Visualize Data with R (Addison-Wesley Data & Analytics Series)","['Michael Freeman', 'Joel Ross']",0,1,4.43,7
100 Questions To Crack Business Analyst Interview: Interview Questions to crack data science interview,['nitin'],0,1,3.92,12
Data Science (The MIT Press Essential Knowledge series),"['John D. Kelleher', 'Brendan Tierney']",0,1,4.07,14
Mastering Python for Data Science,['Samir'],2015,2,3.50,12
"Natural Language Processing in Python: Master Data Science and Machine Learning for spam detection, sentiment analysis, latent semantic analysis, and article spinning",['Lazy Programmer'],0,1,4.23,13
"Markov Models: Understanding Data Science, Markov Models And Unsupervised Machine Learning In Python",['Duo Code'],0,1,3.67,9
"Python Data Analytics: Data Analysis and Science Using Pandas, Matplotlib and the Python Programming Language",['Fabio Nelli'],2015,2,3.00,4
"Marketing Analytics: Optimize Your Business with Data Science in R, Python, and SQL",['Dave Jacobs'],0,1,3.75,4
Clean Data - Data Science Strategies for Tackling Dirty Data,['Megan Squire'],2015,2,2.80,10
Hands-On Data Science for Marketing: Improve your marketing strategies with machine learning using Python and R,['Yoon Hyup Hwang'],0,2,4.67,9
"Data Analysis from Scratch with Python: Beginner Guide for Data Science, Data Visualization, Regression, Decision Tree, Random Forest, Reinforcement Learning, Neural Network and NLP using Python",['Peters Morgan'],0,4,4.00,18
Machine Learning From Scratch: Practical Guide With Python,['Alain Kaufmann'],0,1,3.80,5
Data Science for Supply Chain Forecast,['Nicolas Vandeput'],0,1,4.43,7
The Disruptors: Data Science Leaders: Collective Biographies of Influential Leaders: Vol I,['Kate Strachnyi'],0,2,4.50,2
Math for Machine Learning: Open Doors to Data Science and Artificial Intelligence,['Richard Han'],0,2,3.00,5
Data Science 2.0 using Python 3.7 With New Arduino and Raspberry Pi 3 Projects,['Narendra Mohan Mittal'],0,1,5.00,35
Data Science using Python: With Python Testing,['Narendra Mohan Mittal'],0,1,5.00,34
Data Analytics: The Insider's Guide To Master Data Analytics,"['Cedric Nix', 'Writers International Publishing']",0,1,3.36,14
Data Science and Big Data 2.0: : With Live Robotics Projects using Python 3.7,['Narendra Mohan Mittal'],0,1,5.00,35
Data Science 2.0 With Raspberry Pi 3 and Arduino: Live Robotics Projects using Python 3.7,['Narendra Mohan Mittal'],0,1,5.00,35
Data Science Jobs: Land a lucrative job in 90 days,['Ann Rajaram'],0,1,4.43,14
"Data Science: What the Best Data Scientists Know About Data Analytics, Data Mining, Statistics, Machine Learning, and Big Data – That You Don't",['Herbert Jones'],0,2,2.88,8
"Numerical Python : Scientific Computing and Data Science Applications with Numpy, SciPy and Matplotlib",['Robert Johansson'],2015,5,4.17,12
"Python for Data Science: A Crash Course for Data Science and Analysis, Python Machine Learning and Big Data",['Computer Science Academy'],0,1,2.50,2
Data Science for Beginners and Layman: (2019),['Narendra Mohan Mittal'],0,1,5.00,34
Data Analytics: Using Big Data Analytics For Business To Increase Profits And Create Happy Customers,['Matthew Adams'],0,1,3.56,9
Data Science Job: How to become a Data Scientist,['Przemek Chojecki'],0,2,3.50,6
Fundamentals of Clinical Data Science,"['Pieter Kubben', 'Michel Dumontier', 'Andre Dekker']",0,2,3.50,2
"Big Data Demystified: How to use big data, data science and AI to make better business decisions and gain competitive advantage",['David Stephenson'],0,1,4.09,11
Data Science with Python and Dask,['Jesse C. Daniel'],0,1,4.00,9
"Python for Beginners: The Absolute Beginners Guide to Python Programming, Data Science and Predictive Model. A Practical Introduction to Object Oriented Programming Language. (Essentials Cookbook)",['Django Smith'],0,2,2.25,4
Python: 2 books in 1: Python For Beginners + Python Programming . Master the machine language Data Science Analysis and Artificial intelligence. Exercises included!,['Marc Matthes'],0,1,4.00,1
Python Data Science: The Ultimate and Complete Beginners Guide to Master Data Science with Python Step By Step,['Andrew Park'],0,2,3.67,3
Modeling Techniques in Predictive Analytics with Python and R: A Guide to Data Science,['Thomas W. Miller'],2014,2,3.67,15
"Mastering Data Science from Scratch with Python: Concepts and Practices with NumPy, Pandas, Matplotlib, Scikit-Learn and Keras",['AI Publishing'],0,1,5.00,1
Data Science in Production: Building Scalable Model Pipelines with Python,['Ben Weber'],0,2,3.75,4
Julia for Data Science,['Zacharias Voulgaris'],0,2,4.55,22
"Introduction to Data Science: A Python Approach to Concepts, Techniques and Applications","['Laura Igual', 'Santi Segui', 'Jordi Vitrià']",0,2,3.56,9
Deep Learning: Deep Learning for the Layman. Visual Guide without Maths added,['François Duval'],0,1,2.83,6
"Data Science: Mindset, Methodologies, and Misconceptions",['Zacharias Voulgaris'],2017,2,4.75,20
"Computer Programming Crash Course: 7 Books in 1- Coding Languages for Beginners: C++, C#, SQL, Python, Data Science for Python, Raspberry pi and Arduino. Teach Yourself to Code. Learn Faster.",['Julian James McKinnon'],0,2,1.00,1
Data Science and Complex Networks: Real Case Studies with Python,"['Guido Caldarelli', 'Alessandro Chessa']",0,2,3.57,7
Nuts About Data: A Story of How Data Science Is Changing Our Lives,['Meor Amer'],0,2,4.36,11
Data Science for Fundraising: Build Data-Driven Solutions Using R,"['Ashutosh Nandeshwar', 'Rodger Devine']",0,2,4.25,8
Regressions Models for Data Science in R,['Brian Caffo'],0,1,3.67,15
Clojure for Data Science,['Henry Garner'],2015,2,3.62,8
"Python Programming: 2 Books in 1: Python for Beginners and for Data Analysis. The Ultimate Crash Course with Hands-on Exercises, Step-by-Step Guidance ... to Data Analysis. (Data Science Book 5)",['Andrew Park'],0,1,4.25,4
Predictive Analytics: How Data Science Predicts What You Are Going to Do,['Eric Siegel'],2013,21,3.66,"1,843"
Machine Learning and Data Science: An Introduction to Statistical Learning Methods with R,['Daniel Gutiérrez'],0,1,3.67,3
"Data Science in Python, Volume 2: Data I/O, Jupyter Notebook, GUI, Deployment, Numeric Programming, High Performance Python",['Alexander Stepanov'],0,1,2.43,7
Python Data Science: Hands on Learning for Beginners,['Travis Booth'],0,2,0.00,0
"Python Machine Learning: The Crash Course for Beginners to Programming and Deep Learning, Artificial Intelligence, Neural Networks and Data Science. Scikit Learn, Tensorflow, Pandas and Numpy.",['Django Smith'],0,2,2.00,1
Big Data and Social Science: A Practical Guide to Methods and Tools,"['Ian Foster', 'Rayid Ghani', 'Ron S Jarmin']",0,5,3.00,4
Financial Analytics with R: Building a Laptop Laboratory for Data Science,"['Mark J. Bennett', 'Dirk L. Hugen']",0,2,4.75,4
"Statistics for Beginners: Fundamentals of Probability and Statistics for Data Science and Business Applications, Made Easy for You",['Matt Foster'],0,2,3.50,2
Practical Web Scraping for Data Science: Best Practices and Examples with Python,"['Seppe vanden Broucke', 'Bart Baesens']",0,3,4.00,11
Beginning Data Science with R,['Manas A Pathak'],2014,3,3.75,4
"Entertainment Science: Data Analytics and Practical Theory for Movies, Games, Books, and Music","['Thorsten Hennig-Thurau', 'Mark B Houston']",0,3,4.50,4
An Introduction to Data Science,['Zeeshan-ul-Hassan Usmani'],0,1,4.44,9
How To Start a Career in Data Science,['TheDataMonk'],0,1,3.61,18
Machine Learning and Data Science: An Introduction to Statistical Learning Methods with R,['Daniel D. Gutierrez'],0,2,4.00,3
Statistical Inference Via Data Science: A Moderndive Into R and the Tidyverse,"['Chester Ismay', 'Albert Y Kim']",0,6,4.75,8
"Python Machine Learning: Discover the Essentials of Machine Learning, Data Analysis, Data Science, Data Mining and Artificial Intelligence Using Python Code with Python Tricks",['Samuel Hack'],0,2,5.00,2
Python Programming: This Book Includes: Python Programming For Beginners + Tips And Tricks + Data Science Learn Computer Languages in One Day Effectively (#2020 Version),['Steve Tudor'],0,2,5.00,3
Data Science with Java: Practical Methods for Scientists and Engineers,['Michael R. Brzustowicz'],2016,6,4.00,6
"Data Science, Banking, and Fintech",['Cornelia Lévy-Bencheton'],0,1,3.60,5
R Graphics Essentials for Great Data Visualization: +200 Practical Examples You Want to Know for Data Science,['Alboukadel Kassambara'],0,1,4.00,6
Algorithms & Data Structures: The Science of Computing,"['Greg W. Scragg', 'Orit Hazzan']",2004,1,3.33,6
Football Hackers: The Science and Art of a Data Revolution,['Christoph Biermann'],0,4,4.34,454
Machine Learning: The Ultimate Guide for Beginners and Starters,['Andy Grey'],0,1,3.57,7
Python for Data Science For Dummies (For Dummies,"['John Paul Mueller', 'Luca Massaron']",0,4,3.67,3
Mastering Python for Data Science,['Samir Madhavan'],2015,1,0.00,0
"Javascript Programming Box Set: Programming, Master's Handbook & Artificial Intelligence Made Easy; Code, Data Science, Automation, problem solving, Data Structures & Algorithms",['Code Well Academy'],0,1,2.50,2
Machine Learning in Business: An Introduction to the World of Data Science,['John C Hull'],0,4,3.75,4
Scala for Data Science,['Pascal Bugnion'],0,3,4.20,5
"Python for Beginners: A Step by Step Crash Course to Learn Smarter the Fundamental Elements of Python Programming, Machine Learning, Data Science and Tools, Tips and Tricks of This Coding Language",['Jason Knox'],0,4,3.00,4
Data Science Strategy For Dummies (For Dummies,['Ulrika Jägare'],0,1,3.67,3
Nonresponse in Social Science Surveys: A Research Agenda,"['Panel on a Research Agenda for the Future of Social Science Data Collection', 'Committee on National Statistics', 'Division on Behavioral and Social Sciences and Education']",2013,3,3.00,1
Sports Analytics and Data Science: Winning the Game with Methods and Models,['Thomas W. Miller'],2015,4,3.88,8
Perspectives on Data Science for Software Engineering,"['Tim Menzies', 'Laurie Williams', 'Tom Zimmermann']",0,2,5.00,1
Computational and Inferential Thinking: The Foundations of Data Science,"['Ani Adhikari', 'John DeNiro']",0,1,4.00,4
Web and Network Data Science: Modeling Techniques in Predictive Analytics,['Thomas W. Miller'],2014,2,3.00,3
"Humanizing Big Data: Marketing at the Meeting of Data, Social Science and Consumer Insight",['Colin Strong'],2015,2,0.00,0
Practical Dataops: Delivering Agile Data Science at Scale,['Harvinder Atwal'],0,1,4.00,4
"Programming: 3 Manuscripts: Python Crash Course, Python Machine Learning and Python Data Science for Beginners",['Steve Blair'],0,3,2.50,2
Data Science by Analyticbridge,['Vincent Granville'],2011,1,5.00,2
Hands-On Data Science and Python Machine Learning,['Frank Kane'],0,3,3.25,4
"Javascript: Programming, Master's Handbook; A TRUE Beginner's Guide! Problem Solving, Code, Data Science, Data Structures & Algorithms (Code like a PRO ... Handbook Series, jquery, php, app design,)","['Code Well Academy', 'R.M.Z. Trigo']",2015,1,3.00,4
"The Decision Maker’s Handbook to Data Science: A guide for non-technical executives, managers and founders",['Stylianos Kampakis'],0,1,4.00,5
Julia 1.0 Programming - Second Edition: Quick start to your Data Science projects,['Ivo Balbaert'],0,2,4.12,8
Be the Outlier: How to Ace Data Science Interviews,['Shrilata Murthy'],0,1,4.50,2
An Introduction to Data Science,"['Jeffrey S Saltz', 'Jeffrey M. Stanton']",0,5,3.36,11
"SQL for Marketers: Dominate data analytics, data science, and big data",['Lazy Programmer'],0,1,4.00,2
"Analytics: Data Science, Data Analysis and Predictive Analytics for Business",['Daniel Covington'],0,1,2.33,3
A Hands-On Introduction to Data Science,['Chirag Shah'],0,4,1.67,3
DATA IT WILL NOT BETRAY YOU: Computer Data Science Gift For Scientist Notebook (120 Page Dot grid),['Data Science Journal Notebook'],0,1,0.00,0
"Python: 3 Books in 1: Machine Learning, Python and Data Science. Learn Computer Programming for Beginners.",['Oliver Soranson'],0,1,3.50,2
Data Science para negócios: O que você precisa saber sobre mineração de dados e pensamento analítico de dados,"['Tom Fawcett', 'Foster Provost']",0,2,3.67,6
Introverted But WillingTo Discuss Data: Blanked Lined Journal Gift For Computer Data Science Related People.,['Data Science Journal'],0,1,0.00,0
The Ultimate Guide to Starting a Career in Data Science,['365 Data Science'],0,1,0.00,0
Python for beginners: An introduction to the programming. Data science and data analysis. Clear definitions of the lexicon. Python for beginners = A guide for everybody!,['Mark Wilson'],0,2,5.00,1
There Are Two Types Of People In The World Those Who Can Extrapolate From Incomplete Data: Computer Data Science Gift For Scientist,['Data Science Co'],0,1,0.00,0
Excuse Me While I Think About Data: Blanked Lined Journal Gift For Computer Data Science Related People.,['Data Science Journal'],0,1,0.00,0
Big Data Science & Analytics: A Hands-On Approach,"['Arshdeep Bahga', 'Vijay Madisetti']",0,1,3.90,10
"Data Science Algorithms in a Week: Top 7 algorithms for computing, data analysis, and machine learning",['David Natingga'],0,5,3.25,4
"Machine Learning for Beginners: Your Ultimate Guide To Machine Learning For Absolute Beginners, Neural Networks, Scikit-Learn, Deep Learning, TensorFlow, Data Analytics, Python, Data Science",['Jonathan S. Walker'],0,1,1.50,2
Data Science for Marketing Analytics: Achieve your marketing goals with the data analytics power of Python,"['Tommy Blanchard', 'Pranshu Bhatnagar', 'Debasish Behera']",0,2,3.00,2
Data Science in Higher Education: A Step-By-Step Introduction to Machine Learning for Institutional Researchers,['Jesse Lawson'],2015,1,3.12,8
Unsupervised Deep Learning in Python: Master Data Science and Machine Learning with Modern Neural Networks written in Python and Theano,['Lazy Programmer'],0,1,3.43,7
"Java Programming Box Set: Programming, Master's Handbook & Artificial Intelligence Made Easy; Code, Data Science, Automation, problem solving, Data Structures & Algorithms",['Code Well Academy'],0,1,3.57,7
"Data Science From Scratch: How to Become a Data Scientist. Complete Guide to Learning the Data Science Process & what YOU NEED to Know about: Analytics, ... Structures, Management, Driven, Privacy",['David Park'],0,2,0.00,0
Docker for Data Science: Building Scalable and Extensible Data Infrastructure Around the Jupyter Notebook Server,['Joshua Cook'],0,2,3.67,15
Strengthening Data Science Methods for Department of Defense Personnel and Readiness Missions,"['Committee on Strengthening Data Science Methods for Department of Defense Personnel and Readiness Mi', 'Committee on Applied and Theoretical Statistics', 'Board on Mathematical Sciences and Their Applications']",0,1,0.00,0
There Are Two Types Of People In The World Those Who Can Extrapolate From Incomplete Data: Computer Data Science Gift For Scientist,['Data Science Co'],0,1,0.00,0
There Are Two Types Of People In The World Those Who Can Extrapolate From Incomplete Data: Computer Data Science Gift For Scientist,['Data Science Co'],0,1,0.00,0
Data Science for Business Professionals: A Practical Guide for Beginners,['Probyto Data Science and Consulting Pvt. Ltd.'],0,1,0.00,0
"Making Data Talk: The Science and Practice of Translating Public Health Research and Surveillance Findings to Policy Makers, the Public, and the Press","['David E. Nelson', 'Bradford W. Hesse', 'Robert T. Croyle']",2007,4,3.71,7
"AI in Marketing, Sales and Service: How Marketers without a Data Science Degree can use AI, Big Data and Bots",['Peter Gentsch'],0,2,4.33,3
Unicorns Among Us: Understanding the High Priests of Data Science,['Lars Nielsen'],2014,2,3.31,13
"Data Science in Python. Volume 3: Plots and Charts with Matplotlib, Data Analysis with Python and SQLite",['Alexander Stepanov'],0,1,3.20,5
The Data Science Handbook,"['Carl Shan', 'Henry Wang', 'William Chen']",0,1,5.00,2
There Are Two Types Of People In The World Those Who Can Extrapolate From Incomplete Data: Computer Data Science Gift For Scientist,['Data Science Co'],0,1,0.00,0
Analytical Skills for AI and Data Science: Building Skills for an Ai-Driven Enterprise,['Daniel Vaughan'],0,4,3.25,4
There Are Two Types Of People In The World Those Who Can Extrapolate From Incomplete Data: Computer Data Science Gift For Scientist,['Data Science Co'],0,1,0.00,0
The Python Bible 7 in 1: Volumes One To Seven,['Florian Dedov'],0,2,5.00,1
"Ruby Programming Box Set: Programming, Master's Handbook & Artificial Intelligence Made Easy; Code, Data Science, Automation, problem solving, Data Structures & Algorithms",['Code Well Academy'],0,1,2.00,2
Data Science for Startups,['Ben G Weber'],0,2,3.67,15
"Development Workflows for Data Scientists: Enabling Fast, Efficient, and Reproducible Results for Data Science Teams",['Ciara Byrne'],2017,1,4.33,9
"Beginning Data Science with Python and Jupyter: Use powerful industry-standard tools within Jupyter and the Python ecosystem to unlock new, actionable insights from your data",['Alex Galea'],0,2,4.00,1
"Big Data For Business: Your Comprehensive Guide To Understand Data Science, Data Analytics and Data Mining To Boost More Growth and Improve Business (Data Analytics Book Series 2)",['Victor Finch'],0,1,2.00,5
"Data Science for Business 2019 (2 BOOKS IN 1): Master Data Analytics & Machine Learning with Optimized Marketing Strategies (Artificial Intelligence, Neural ... Networks, Algorithms & Predictive Modelling","['Riley Adams', 'Matt Henderson']",0,1,3.57,7
There Are Two Types Of People In This World: Those Who Can Extrapolate From Incomplete Data: Computer Data Science Journal Blank Lined Notebook (6x9) 60 Pages,['Data Science Journal'],0,1,0.00,0
There Are Two Types Of People In The World Those Who Can Extrapolate From Incomplete Data: Computer Data Science Gift For Scientist,['Data Science Co'],0,1,0.00,0
Data Science and Analytics for Ordinary People,['Jeffrey Strickland'],2015,1,4.00,2
"Essential Math for Data Science: Take Control of Your Data with Fundamental Calculus, Linear Algebra, Probability, and Statistics",['Hadrien Jean'],0,1,0.00,0
"Machine Learning: 2 Books in 1: Python Machine Learning and Data Science. A Comprehensive Guide for Beginners to Master Deep Learning, Artificial Intelligence ... Python.",['Andrew Park'],0,1,0.00,0
Probability and Statistics for Data Science: Math + R + Data,['Norman Matloff'],0,4,4.00,3
R Programming For Beginners - For Data Science: Crash Course,['Martin Laredo'],0,1,3.00,6
"Case Studies And Guesstimates for Data Science, Business Analyst and MBA candidate: Crack the Case Study Round",['The DataMonk'],0,1,3.00,2
Understanding Big Data: A Beginners Guide to Data Science & the Business Applications,['Eileen McNulty-Holmes'],2014,1,5.00,1
Living That Data Life: Blank Lined Journal Gift For Computer Data Science Related People.,['Data Science Journal'],0,1,0.00,0
"Data Science Projects with Python: A case study approach to successful data science projects using Python, pandas, and scikit-learn",['Stephen Klosterman'],0,2,4.00,4
Python Data Science Essentials - Second Edition,"['Luca Massaron', 'Alberto Boschetti']",0,1,4.00,2
"Data Science From Scratch: The First Book For Beginners With Techniques For A Smarter Faster Way To Learn Data Analysis, Data Mining, Big Data For Business, Analytics Principles And Machine Learning",['Phil J. Hack'],0,2,4.00,1
"Linux: This Book Includes 4 Manuscripts. The Underground Bible to the UNIX Operating System with Tools On Security and Kali Hacking to Understand Computer Programming, Data Science and Command Line",['Darwin Growth'],0,4,0.00,0
Data Science with Python,"['Dusty Phillips', 'Fabrizio Romano', 'Phuong Vo T H']",0,2,2.00,1
Mathematical Underpinnings of Analytics: Theory and Applications for Data Science in Customer-Facing Industries,['Peter Grindrod'],2015,1,3.33,3
Python: Ultimate Crash Course to Learn It Well and Become an Expert in Python Programming,['Jamie Logan'],0,2,3.22,9
"AI for Data Science: Artificial Intelligence Frameworks and Functionality for Deep Learning, Optimization, and Beyond","['Zacharias Voulgaris', 'Yunus Bulut']",0,2,4.67,18
Python Data Science: An Ultimate Guide for Beginners to Learn Fundamentals of Data Science Using Python,['Christopher Wilkinson'],0,2,3.00,1
Science Data Book,['R.M. Tennent'],0,1,4.67,3
"Data Analytics and Python Programming 2 Bundle Manuscript: Beginners Guide to Learn Data Analytics, Predictive Analytics and Data Science with Python Programming ... Freedom and Data Driven Book Book 8)",['Isaac D. Cody'],0,1,3.00,4
Machine Learning in Production: Developing and Optimizing Data Science Workflows and Applications (Addison-Wesley Data & Analytics Series),"['Andrew Kelleher', 'Adam Kelleher']",0,1,2.00,1
"Python Programming: The Complete Guide to Learn Python for Data Science, AI, Machine Learning, GUI and More With Practical Exercises and Interview Questions",['Nicholas Ayden'],0,2,3.50,4
"The Little Book of DATA SCIENCE, 2012 Edition",['noreen burlingame'],2012,1,3.83,6
Introduction to Data Science with Python: Basics of Numpy and Pandas,['Mark Smart'],0,2,3.86,7
Foundations of Data Science: A Practical Introduction to Data Science with Python,['Jonathan Dinu'],2019,1,5.00,1
"Python Programming: A complete beginners guide on python machine learning, data science and tools (Computer Programming Book 1)",['Bill Norton'],0,1,0.00,0
Modern Data Science with R,"['Benjamin S Baumer', 'Daniel T Kaplan', 'Nicholas J Horton']",0,2,3.00,2
"Artificial Intelligence for Beginners: Easy to understand guide of Ai, data Science and Internet of Things. How to use AI in practice? Revelations of Ai superpowers explained for the real world",['Jeff Mc Frockman'],0,3,2.20,5
"Data Science for Beginners: The Ultimate Guide to Developing Step by Step Your Data Science Skills from Scratch, to Make the Best Decisions and Predictions",['Matt Foster'],0,2,0.00,0
Deep Learning Made Easy with R: Volume II: Practical Tools for Data Science,['N.D. Lewis'],0,2,4.00,1
50 years of data science,['David Donoho'],2015,1,3.60,10
500 Most Important Data Science Interview Questions and Answers: Crack That Next Interview With Higher Salary In Less Preparation Time,['Vamsee Puligadda'],0,1,0.00,0
Markov Models Supervised and Unsupervised Machine Learning: Mastering Data Science & Python (Artificial Intelligence Book 3),['William Sullivan'],0,2,3.67,3
A collection of Advanced Data Science and Machine Learning Interview Questions Solved in Python and Spark (II) (A Collection of Programming Interview Questions Book 7),['Antonio Gulli'],0,2,4.75,4
"Big Data: A Guide to Big Data Trends, Artificial Intelligence, Machine Learning, Predictive Analytics, Internet of Things, Data Science, Data Analytics, Business Intelligence, and Data Mining",['Richard Hurley'],0,3,4.00,7
Machine Learning for Beginners: Learn and Understand the Basics of Artificial Intelligence. A Beginner's Guide to Properly Understand Machine Learning Essentials with Data Science Principles,['Samuel Hack'],0,2,5.00,2
A Simple Introduction to Data Science: BOOK TWO (New Street Data Science Basics 2),['Lars Nielsen'],2015,2,3.00,7
Data Science for Business: Data Analytics Guide with Strategies and Techniques,['Charles Jensen'],0,3,4.14,7
"Data Science for Business: Predictive Modeling, Data Mining, Data Analytics, Data Warehousing, Data Visualization, Regression Analysis, Database Querying, and Machine Learning for Beginners",['Herbert Jones'],0,2,2.00,3
"Artificial Intelligence: 2 Books In 1:The Beginner’s Guide to Data Science, Data Analytics, Deep Learning, Machine Learning, Mining, Deep Medicine. The Revolution of the Future Today!",['Benjamin Brown'],0,1,4.00,1
"Python Project For Beginners: Python at your fingertips! Learn, create, experiment, and don't miss the current programming language. Introduction to data science, coding, and analysis.",['Eric Chamberlin'],0,1,4.12,8
Data Science: A Comprehensive Beginners Guide to Learn the Realms of Data Science,['William Vance'],0,3,2.50,2
Statistics: Statistics for Beginners in Data Science: Theory and Applications of Essential Statistics Concepts using Python,['AI Publishing'],0,1,4.00,1
Data Science with R: A Step By Step Guide With Visual Illustrations & Examples,['Andrew Oleksy'],0,1,4.00,3
The 9 Pitfalls of Data Science,"['Gary Smith', 'Jay Cordes']",0,4,2.50,2
Beginning Data Science in R,['Thomas Mailund'],0,2,3.67,3
A Beginner’s Guide to Getting Your First Data Science Job,['￼Springboard'],0,1,4.50,2
Practical Machine Learning - Real-World Solutions to the Challenges of Data Science,['Sunila Gollapudi'],0,2,3.00,3
Data Science Solutions: Machine Learning. Python. Google Cloud. AWS. Neo4j. Kaggle.,['Manav Sehgal'],0,1,3.67,3
"Predictive Analytics: The Secret to Predicting Future Events Using Big Data and Data Science Techniques Such as Data Mining, Predictive Modelling, Statistics, Data Analysis, and Machine Learning",['Richard Hurley'],0,1,5.00,2
Big Data in Cognitive Science,['Michael N. Jones'],0,6,5.00,1
Learn Python Programming: The Crash Course to Learn Python Language and its Application for Data Science with Python 3. A Beginner's Guide to Python Machine Learning with Practical Examples,['Mark J. Branson'],0,2,0.00,0
"Python Programming: The Crash Course for Python – Learn the Secrets of Machine Learning, Data Science Analysis and Artificial Intelligence. Introduction to Deep Learning for Beginners",['Marc Matthes'],0,3,0.00,0
"Python Programming : The Easiest Python Crash Course to Go Deep Through The Main Applications As Web Development, Data Analysis, And Data Science Including Machine Learning (computer science Book 1)",['Alan Grid'],0,1,4.00,7
Introduction to Data Science and Statistical Programming in R,['Thomas Mailund'],0,2,5.00,2
Statistics for Data Science,['James D. Miller'],0,3,2.00,3
Introduction to Data Science,['Rafael A. Irizarry'],0,1,4.00,2
Data Science em 12 Semanas: Mais simples do que você imagina...,"['Anderson Weber', 'Tatiana Cristina Perez']",0,1,5.00,1
Hands-On Data Science with Anaconda: Utilize the right mix of tools to create high-performance data science applications,"['Yuxing Yan', 'James Yan']",0,3,1.00,1
"Machine Learning for Beginners: A Step-By-Step Guide to Understand Deep Learning, Data Science and Analysis, Basic Software and Algorithms for Artificial Intelligence",['David                     Brown'],0,2,3.25,4
Exploring Data Science,"['John Mount', 'Nina Zumel', 'Robert I. Kabacoff']",0,1,4.00,1
"Python Data Science: The Ultimate Handbook for Beginners on How to Explore NumPy for Numerical Data, Pandas for Data Analysis, IPython, Scikit-Learn and Tensorflow for Machine Learning and Business",['Steve Blair'],0,1,3.50,2
Evidence-Based Climate Science: Data opposing CO2 emissions as the primary source of global warming,['Don Easterbrook'],2011,3,0.00,0
Data Science from Scratch: Comprehensive guide with essential principles of Data Science,['Scott Harvey'],0,1,3.00,2
Modern Data Science with R,"['Benjamin S. Baumer', 'Daniel T. Kaplan', 'Nicholas J. Horton']",0,2,4.00,4
"Lean Analytics: The Ultimate Guide to an Agile Way of Analytics, Advanced Analytics, and Data Science for a Superior Way to Build Startups and Run Enterprises",['James Edge'],0,2,3.00,1
"Python: The Ultimate Crash Course For Data Analysis, Machine Learning and Data Science, With Practical Computer Coding Exercises",['Computer Programming Academy'],0,2,2.00,1
Big Data at Work: The Data Science Revolution and Organizational Psychology,"['Scott Tonidandel', 'Eden King', 'Jose Cortina']",2015,6,3.67,3
Big Data: A Beginner's Guide To Using Data Science For Business,['Eliot P. Reznor'],0,2,3.20,5
"Data Science & Machine Learning Algorithms: A CONCISE GUIDE (including R & Python functions, Datasets, and Free Text Books)",['Ananthu S Chakravarthi'],0,1,4.25,4
"MACHINE LEARNING WITH PYTHON: An introduction to Data Science with useful concepts and examples, step by step, learning to use Python (2 BOOKS IN 1, FOR ABSOLUTE BEGINNERS AND NOT)",['William Gray'],0,1,2.50,2
Financial Analytics with R: Building a Laptop Laboratory for Data Science,"['Mark Bennett', 'Dirk Hugen']",0,1,4.00,1
NumPy for Beginners: First Step to learn Data Science (1),['Preeti Saraswat'],0,1,3.80,5
Fighting Churn with Data: The science and strategy of customer retention,['Carl S. Gold'],0,1,5.00,1
"Reading Technical Books: How To Get The Most Out Of Your Readings In Physics, Chemistry, Computer Science And Data Processing, Health Science, Engineering And Technology",['Anne Eisenberg'],1978,2,5.00,4
Data Analytics for Businesses 2019: Master Data Science with Optimised Marketing Strategies using Data Mining Algorithms,['Riley Adams'],0,3,3.25,8
"Data Science Live Book: An intuitive and practical approach to data analysis, data preparation and machine learning, suitable for all ages!",['Pablo Casas'],0,2,3.20,5
Data Science From Scratch: Comprehensive Beginners Guide To Learn Data Science From Scratch,['Henry George'],0,2,3.00,1
XML and Web Technologies for Data Sciences with R,"['Deborah Nolan', 'Duncan Temple Lang']",2013,1,3.00,1
Data Science With Python: The Absolute Beginners Guide To Learn Data Science With Python,['Henry George'],0,2,3.00,1
"Python Machine Learning: The Complete Beginners Guide to Programming and Deep Learning, Data Science and Artificial Intelligence Using Scikit-Learn and Tensorflow",['Kevin Howey'],0,2,2.67,3
PYTHON PROGRAMMING ADVANCED: The Guide for Data Analysis and Data Science. Discover Machine Learning With the Optimum Recipes for Mastering Python and ... (Crash Course Tips and Tricks Book 3),"['Lewis Taylor', 'Eric Matthews']",0,1,0.00,0
"Python for Data Analysis: The Ultimate Beginner's Guide to Learn programming in Python for Data Science with Pandas and NumPy, Master Statistical Analysis, and Visualization",['Matt Foster'],0,1,0.00,0
Data Science for Immunologists,"['Niclas Thomas', 'Laura Pallett']",0,2,4.67,3
Building Data Science Teams: Finding and Organizing the Right People,['Paco Nathan'],0,1,0.00,0
"Python Machine Learning for Beginners: The Beginner’s Guide to Big Data Analytics, Data Science, Data Analysis with Machine Learning and Programming Code with Python",['Leonard Deep'],0,1,0.00,0
"Python Data Science: The Ultimate Crash Course, Tips, and Tricks to Learn Data Analytics, Machine Learning, and Their Application (Programming Book 4)",['Steve Eddison'],0,1,1.00,1
"Artificial Intelligence Mastery: 4 Books in 1: Machine Learning and Artificial Intelligence for beginners+AI for Business+AI Superpowers and Data Analytics+IOT, Data Science and DL updated edition",['Jeff Mc Frockman'],0,1,1.50,2
"Python for Data Analysis: A Basic Programming Crash Course to Learn Python Data Science Essential Tools, Pandas, and Numpy with Questions and Answer from Beginners to Advanced",['Oscar Scratch'],0,2,3.00,1
97 Things about Ethics Everyone in Data Science Should Know,['Bill Franks'],0,4,0.00,0
Algorithms for Data Science,"['Brian Steele', 'John Chandler', 'Swarna Reddy']",0,2,3.00,1
"Python Programming: 2 books in 1: Learn Python Programming + Neural Networks for Beginners - An Easy Textbook for Getting Started with Machine Learning, ... Data Science (Artificial Intelligence 5)",['Russel R. Russo'],0,1,5.00,1
Introduction to HPC with Mpi for Data Science,['Frank Nielsen'],2016,1,2.50,2
"Advanced Object-Oriented Programming in R: Statistical Programming for Data Science, Analysis and Finance",['Thomas Mailund'],0,3,4.67,6
"Lean: The Ultimate Guide to Lean Six Sigma, Lean Enterprise, and Lean Manufacturing + Lean Analytics - The Agile Way to Build A Superior Startup Using Data Science",['James Edge'],0,1,2.50,2
Practical Data Science,['Andreas François Vermeulen'],0,1,4.00,1
"PYTHON FOR BEGINNERS: A Step by Step Guide to Python Programming, Data Science, and Predictive Model. A Practical Introduction to Machine Learning with Python",['Josh Hugh Learning'],0,1,5.00,2
Python for Data Science: A Beginners Guide to Learn Data Science Process With Python Programming Language. A Practical Approach to Key Frameworks in Data Science and Machine Learning.,['Mark J. Branson'],0,2,0.00,0
"The Monk who knew Linear Regression (Python): Understand, Learn and Crack Data Science Interview",['TheDataMonk'],0,1,4.25,4
"Python for Data Analysis: A Beginner’s Guide to Learn Data Science, Programming and Machine Learning’s Tips and Tricks",['Tony Hacking'],0,2,0.00,0
Complete Analytical Project before Data Science interview,['TheDataMonk'],0,1,4.17,6
"Just Plain Data Analysis: Finding, Presenting, and Interpreting Social Science Data, 2nd Edition",['Gary M. Klass'],2008,7,3.56,9
Machine Learning: 3 books in 1: - Hacking Tools for Computer + Hacking With Kali Linux + Python Programming- The ultimate beginners guide to improve your knowledge of programming and data science,['Adam Bash'],0,1,4.50,2
Data Science Design Patterns,['Todd Morley'],2016,1,0.00,0
Data and Democracy: How Political Data Science Is Shaping the 2016 Elections,['Andrew Therriault'],0,1,3.17,6
"Python for Data Science: The Ultimate Beginner's Guide to Learn Data Science, Analysis, and Machine Learning from Scratch with Step-by-Step Exercises (python programming Book 4)",['John Russel'],0,2,4.50,4
Ten Signs of Data Science Maturity,"['Peter Guerra', 'Kirk Borne']",0,1,3.60,5
Artificial Intelligence and Machine Learning for Business: The Ultimate Guide to Use Data Science for Business through Applied Artificial Intelligence. Includes Big Data and Data Mining for Business,['Oliver Tensor'],0,2,4.00,1
"Data Visualization and Exploration with R: A practical guide to using R, RStudio, and Tidyverse for data visualization, exploration, and data science applications",['Eric Pimpler'],0,2,3.00,1
Deep Learning With Python: Practical Guide For Beginners,['Mike Krebbs'],0,1,0.00,0
"30-Second Data Science: The 50 Key Principles and Innovations in the Field of Data-Gathering, Each Explained in Half a Minute",['Liberty Vittert'],0,2,4.60,5
"The Big Data Market. A Data-Driven Analysis of Companies Using Hadoop, Spark, and Data Science",['Aman Naimat'],0,1,3.20,5
"DATA SCIENCE FROM SCRATCH: Complete guide to master data process, mining, data-analytic, neural networks, machine learning in Python, Linear Algebra, Statistics, Coding, Applications Decision Tree",['G.S. Collins'],0,2,0.00,0
Data Science Programming All-In-One For Dummies (For Dummies,"['John Paul Mueller', 'Luca Massaron']",0,1,4.00,1
"Data Science: A Comprehensive Guide to Data Science, Data Analytics, Data Mining, Artificial Intelligence, Machine Learning, and Big Data",['Richard Hurley'],0,2,1.00,1
"Artificial Intelligence Business Applications: How to Learn Applied Artificial Intelligence and Use Data Science for Business. Includes Data Analytics, Machine Learning for Business and Python",['Oliver Tensor'],0,2,0.00,0
"Managing Your Data Science Projects: Learn Salesmanship, Presentation, and Maintenance of Completed Models",['Robert de Graaf'],0,2,2.50,2
Практическая статистика для специалистов Data Science [Prakticheskaya statistika dlya spetsialistov Data Science],"['Peter Bruce', 'Andrew Bruce', 'Питер Брюс']",0,8,4.04,280
Neural Data Science: A Primer with MATLAB® and PythonTM,"['Erik Lee Nylen', 'Pascal Wallisch']",0,3,4.00,2
"Data Science from Scratch: Want to become a Data Scientist? This guide for beginners will walk you through the world of Data Science, Big Data, Machine Learning and Deep Learning",['Steve Geddis'],0,2,4.00,2
"Business Intelligence: An Essential Beginner’s Guide to BI, Big Data, Artificial Intelligence, Cybersecurity, Machine Learning, Data Science, Data Analytics, Social Media and Internet Marketing",['Richard Hurley'],0,2,3.00,1
Simulation for Data Science with R,['Matthias Templ'],0,4,1.25,4
Apache Spark for Data Science Cookbook,['Padma Priya Chitturi'],0,3,3.00,2
"Python for Data Analysis: A Step-By-Step Guide to Master the Basics of Data Science and Analysis in Python Using Pandas, Numpy And Ipython (Data Science Mastery Book 2)",['Andrew Park'],0,2,0.00,0
"Data Science: Learn the What, Where, and How of Data Science",['Sandya Mannarswamy'],2014,1,4.00,2
Statistical Learning and Data Science,"['Mireille Gettler Summa', 'Léon Bottou', 'Bernard Goldfarb']",2011,3,3.00,2
"Big Data: A Complete Guide to the Basic Concepts in Data Science, Cyber Security, Analytics and Metrics",['Hans Weber'],0,2,3.60,5
"From Words to Numbers: Narrative, Data, and Social Science","['Roberto Franzosi', 'Mark Granovetter']",2004,2,3.50,4
PYTHON: 2 Books in 1: Python Programming & Data Science. Master Data Analysis in Less than 7 Days and Discover the Secrets of Machine Learning with Step-by-Step Exercises,['Jason Callaway'],0,1,4.00,2
Practical Data Science with R Second Edition,"['Nina Zumel', 'John Mount']",0,1,4.00,1
Machine Learning: The Art and Science of Algorithms That Make Sense of Data,['Peter Flach'],2012,8,3.99,130
"Data Analytics: 3 Books in 1 - The New Ultimate Bible for Understanding & Using Data Analytics, Big Data + Data Science For Business + Data Mining",['John Harper'],0,2,3.50,4
"Data Science: 2 Books in 1: Python Programming & Python for Data Science, The Ultimate Guide to Learn Machine Learning and Predictive Analytics from Scratch with Hands-On Projects",['John Russel'],0,2,3.00,1
"Python Machine Learning: A Beginner’s Guide to Python Programming for Machine Learning and Deep Learning, Data Analysis, Algorithms and Data Science With Scikit Learn, TensorFlow, PyTorch and Keras",['Zach Codings'],0,2,4.14,7
The Python Bible 5 in 1: Volumes One To Five,['Florian Dedov'],0,2,3.00,1
Intelligent Techniques for Data Science,"['Rajendra Akerkar', 'Priti Srinivas Sajja']",0,2,4.00,1
Python for R Users: A Data Science Approach,['Ajay Ohri'],0,3,3.00,5
"Python for Beginners: Master Data Science, Artificial Intelligence and Machine Learning with this Smart Python Programming Language Guide",['Oscar Brogan'],0,2,2.00,1
"Python for Beginners: The Crash Course to Learn Python Programming Fast (10 Python Projects) – Learn to Artificial Intelligence, Big Data, Data Science, Machine Learning, Deep Learning",['sivakumar munusami'],0,1,3.50,4
PYTHON: 2 Books in 1: Python Programming & Data Science. Master Data Analysis from Scratch and Discover the Secrets of Machine Learning with Step-by-Step Exercises,['Daniel Howard'],0,1,1.00,1
Analyzing Social Science Data: 50 Key Problems in Data Analysis,['David De Vaus'],2002,4,4.00,2
R: Bootcamp - Learn The Basics of Ruby Programming in 2 Weeks!,['David   Maxwell'],0,2,3.60,5
Exam Ref 70-774 Perform Cloud Data Science with Azure Machine Learning,"['Ginger Grant', 'Julio Granados', 'Guillermo Fernández']",0,3,5.00,1
Charting the Next Pandemic: Modeling Infectious Disease Spreading in the Data Science Age,"['Ana Pastore y Piontti', 'Nicola Perra', 'Luca Rossi']",0,1,3.50,2
Python Data Science: The Complete Guide to Data Analytics + Machine Learning + Big Data Science + Pandas Python. The Easy Way to Programming,['Aaron Khan'],0,4,0.00,0
"A complete Data Science interview with 100+ Questions: SQL, Python, Statistics, Linear Regression and MS Excel, updated for 2019",['TheDataMonk'],0,1,4.33,3
Data Science and Machine Learning: Mathematical and Statistical Methods,"['Dirk P Kroese', 'Zdravko Botev', 'Thomas Taimre']",0,4,5.00,1
Data Scientist's Book of Quotes: Insights and Advice from Data Science Leaders and Key Influencers,['Matt Corey'],0,2,4.50,2
"The Real Work of Data Science: Turning data into information, better decisions, and stronger organizations","['Ron S. Kenett', 'Thomas C. Redman']",0,1,4.33,3
Preparing Data for Sharing: Guide to Social Science Data Archiving,['Data Archiving and Networked Services'],2010,2,3.75,4
Practical Data Science: A Guide to Building the Technology Stack for Turning Data Lakes into Business Assets,['Andreas François Vermeulen'],0,1,0.00,0
Data Science Fundamentals,"['Lars Nielsen', 'noreen burlingame']",2013,2,4.50,2
Neural Data Science: A Primer with Matlab(r) and Python,"['Pascal Wallisch', 'Erik Lee Nylen']",0,1,4.33,3
XML and Web Technologies for Data Sciences with R,"['Deborah Nolan', 'Duncan Temple Lang']",2013,1,5.00,2
Python for Beginners: The Crash Course to Learn Python Programming in 3-Days (or less). Master Artificial Intelligence for Data Science and Machine Learning + Practical Exercises,['Aaron Khan'],0,4,0.00,0
Data Science with Julia,"['Paul D. McNicholas', 'Peter A. Tait']",0,5,4.00,2
Data Science Fundamentals for Python and MongoDB,['David Paper'],0,1,2.00,1
Model-Based Clustering and Classification for Data Science: With Applications in R,"['Charles Bouveyron', 'Gilles Celeux', 'T Brendan Murphy']",0,3,4.00,1
Data Science From Scratch: Ultimate Guide To Master Data Mining And Data-Analytic From Linear Algebra And Statistics To Practical Examples Of Neural Networks ... In Python (Computer Networking Easy Book 2),['Ramon Base'],0,1,2.75,4
What Is Data Science?,['Mike Barlow'],0,1,4.40,5
"Python Crash Course: Learn to automate the boring stuff. Python programming for beginners, learn basics and master Python data science. The guide with the best tricks.",['Eric Bader'],0,2,1.67,3
Data Science i uczenie maszynowe,['Szeliga Marcin'],0,1,3.50,4
"Ruby: Beginner's Guide for Ruby - Database Programming, Data Science, Data Structures & Algorithms",['Robert Scott'],2015,1,5.00,1
Data Science Essentials in Python: Collect - Organize - Explore - Predict - Value,['Dmitry Zinoviev'],0,1,3.00,1
Machine Learning for Beginners: The Beginners Guide to Understand Artificial Intelligence Business Applications and Machine Learning for Business. Includes Deep Learning and Data Science for Business,['Oliver Tensor'],0,2,0.00,0
Statistics for the Trading Floor: Data Science for Investing,['Patrick Boyle'],0,1,0.00,0
"Data Analytics and Computer Hacking & Mobile Hacking 3 Bundle Manuscript: Beginners Guide to Learn Data Analytics, Predictive Analytics and Data Science ... (Hacking Freedom and Data Driven Book 7)",['Isaac D. Cody'],0,1,0.00,0
"Jupyter for Data Science: Exploratory analysis, statistical modeling, machine learning, and data visualization with Jupyter",['Dan Toomey'],0,3,2.00,2
R Data Science Essentials,"['Raja B. Koushik', 'Sharan Kumar Ravindran']",0,2,4.00,2
Mastering Julia - Tackle the Contemporary Challenges of Programming and Data Science with Julia,['Malcolm Sherrington'],2015,2,2.75,8
"Python Programming, Deep Learning: 3 Books in 1: A Complete Guide for Beginners, Python Coding for AI, Neural Networks, & Machine Learning, Data Science/Analysis with Practical Exercises for Learners",['Anthony Adams'],0,2,4.50,4
The Practice of Reproducible Research: Case Studies and Lessons from the Data-Intensive Sciences,"['Justin Kitzes', 'Daniel Turek', 'Fatma Deniz']",0,1,4.00,1
Breaking Data Science Open: How Open Data Science is eating the world,"['Michele Chambers, Christine Doig, Ian Stokes-Rees']",0,1,3.00,5
"Python: 3 Books in 1 : Machine Learning, Python and Data Science. Learn Computer Programming for Beginners.",['Oliver Soranson'],0,1,4.00,1
Mathematical Problems in Data Science: Theoretical and Practical Methods,"['Li M Chen', 'Zhixun Su', 'Bo Jiang']",2015,2,4.00,1
Julia for Data Science,['Anshul Joshi'],0,3,3.00,2
Coffee Break NumPy: A Simple Road to Data Science Mastery That Fits Into Your Busy Life (Coffee Break Python Book 3),"['Christian Mayer', 'Lukas Rieger', 'Zohaib Riaz']",0,2,5.00,1
Data Science for Transport: A Self-Study Guide with Computer Exercises,['Charles Fox'],0,2,2.67,3
Data Science Strategy for Dummies,['Eugene Dubossarsky'],0,2,5.00,1
Data Science (Urdu): ڈیٹا سائنس ایک تعارف,"['Zeeshan-ul-Hassan Usmani', 'Sana Rasheed']",0,1,5.00,1
"Metaprogramming in R: Advanced Statistical Programming for Data Science, Analysis and Finance",['Thomas Mailund'],0,3,5.00,2
Special Edition Data Science Interview Questions Solved in Python and Spark: with Deep Learning and Reinforcement Learning Bonus Questions,['Antonio Gulli'],0,1,5.00,1
"Python Data Science: from Beginner to Experts About Techniques of Data Mining, Big Data Analytics and Science, Python Programming and How to Use Them in Business",['Austin Scratch'],0,1,0.00,0
Analysis of Multivariate Social Science Data,"['David J. Bartholomew', 'Irini Moustaki', 'Fiona Steele']",2008,4,2.60,5
"Machine Learning: 3 Books in 1: Master the Mathematics of Applied Artificial Intelligence and Learn the Secrets of Python Programming, Data Science, and Computer Networking",['Jason Callaway'],0,2,0.00,0
Korean With Kpop: A Complete Beginners Guide to Learning Korean With Kpop backed by Data Science,['Ross Ellison'],0,2,5.00,1
Projekt Perseus: data og science fiction digte,['Klaus Høeck'],1977,1,5.00,1
Data Science with Microsoft SQL Server 2016,"['Buck Woody', 'Danielle Dean', 'Debraj GuhaThakurta']",0,2,4.20,5
"Big Data For Business: Your Comprehensive Guide To Understand Data Science, Data Analytics and Data Mining To Boost More Growth and Improve Business.: Volume 2 (Data Analytics Book Series)",['Victor Finch'],0,1,2.50,2
Mothers of Data Science,"['Kate Strachnyi', 'Kristen Kehrer']",0,1,0.00,0
Leading a Data Driven Organization: A Practical Guide to Transforming Yourself and Your Organization to Win the Data Science Revolution,['Gordon Summers'],0,2,5.00,1
"python programming for beginners: The simplified beginner’s guide to learn basics Python computer language, coding project, data science, data analytics and learn machine learning. Exercises inside.",['Matthew Python'],0,1,3.50,2
Deep Learning Step by Step with Python: A Very Gentle Introduction to Deep Neural Networks for Practical Data Science,['N.D. Lewis'],0,2,3.00,1
Data Science : fondamentaux et études de cas: Machine Learning avec Python et R,"['Michel Lutz', 'Eric Biernat', 'Yann LeCun']",0,1,4.20,5
Data Science: 2 Books: Data Analytics For Beginners And Markov Models,['Tech World'],0,2,4.00,2
Data Science Python: How to Work with Data with Python Programming Language. The Ultimate Guide on What you Need to Know to Work with Data Using Python. (Artificial Intelligence Book 6),['Oliver Soranson'],0,1,5.00,1
Statistics Essentials for Beginner in Data Science,"['Jay Mishra', 'AI Sciences Publishing']",0,2,0.00,0
Introduction to Machine Learning with Python: A Guide for Beginners in Data Science,"['Daniel Nedal', 'Peters Morgan']",0,2,3.00,1
Python Data Science: Learn the Ethics of Coding in a Day by Taking My Classes (python for beginners Book 2),['Tim Wired'],0,2,0.00,0
"The Decision Maker's Handbook to Data Science: A Guide for Non-Technical Executives, Managers, and Founders",['Stylianos Kampakis'],0,2,2.75,4
Data Science Interview Questions And Answers You Must Know To Get Your Dream Job,['Alexander K. Flint'],0,1,4.00,1
Python Programming For Advanced: The Updated Advanced Guide to Master Python Programming Step by Step In A Few Days with Machine Learning and Data Science Resources (Vol. 3),['Bill Steven'],0,2,1.00,1
Finding Value in Data: Determining Where Data Science Has the Greatest Impact,['Mike Bugembe'],0,1,0.00,0
"Ruby: Programming, Master's Handbook: A TRUE Beginner's Guide! Problem Solving, Code, Data Science, Data Structures & Algorithms (Code like a PRO in 24 hrs or less!)","['Codewell Academy', 'R M Z Trigo']",2015,1,0.00,0
Data Science and Analytics with Python,['Jesus Rogel-Salazar'],0,4,0.00,0
Fundamentals of Data Science: Take the first Step to Become a Data Scientist,['Samuel Burns'],0,2,4.00,1
"Applied Data Science with Python and Jupyter: Use powerful industry-standard tools to unlock new, actionable insights from your data",['Alex Galea'],0,2,3.50,2
R for Data Science Cookbook,"['Yu-Wei, Chiu (David Chiu)']",0,2,3.00,1
Learning from Data Made Easy with R: A Gentle Introduction for Data Science,['N.D. Lewis'],0,2,3.00,1
Practical Data Science Cookbook - Second Edition,['Prabhanjan Narayanachar Tattar'],0,3,3.00,1
"Python Data Science Essentials: A practitioner’s guide covering essential data science principles, tools, and techniques, 3rd Edition","['Luca Massaron', 'Alberto Boschetti']",0,1,5.00,1
"Python Machine Learning: The Ultimate Guide for Beginners to Machine Learning with Python, Programming and Deep Learning, Artificial Intelligence, Neural Networks, and Data Science",['Richard Moore'],0,3,0.00,0
Data Science: Concepts and Practice,"['Vijay Kotu', 'Bala Deshpande']",0,2,4.00,2
Web and Network Data Science: Modeling Techniques in Predictive Analytics,['Thomas W. Miller Jr.'],2014,2,4.00,1
Data Science Live Book,['Pablo Casas'],0,2,4.50,6
Markets with Memory: The World's First Data Science Book on the Hemp & Cannabis Industry,['Nima Veiseh'],0,3,5.00,1
"The Guide to Getting a High Paying Quant Job: Quant Trading, Data Science",['Alexander David'],0,1,5.00,1
Data Science in the Cloud with Microsoft Azure Machine Learning and R: 2015 Update,['Stephen F. Elston'],0,1,2.50,2
MACHINE LEARNING FOR BEGINNERS: A Comprehensive Guide To Algorithms For Machine Learning And Data Science,['William J. Ford'],0,1,4.00,1
2015 Data Science Salary Survey,['John King'],0,1,4.33,3
Cyber-Risk Informatics: Engineering Evaluation with Data Science,['Mehmet Sahinoglu'],2016,6,1.00,1
DATA SCIENCE INTERVIEW QUESTION AND ANSWER: - 400 Data Science Questions with more than 200 Questions with solution,['GICGAC ACADEMY'],0,1,0.00,0
Machine Learning with Python: A Step by Step Guide for Absolute Beginners to Program Artificial Intelligence with Python. Neural Networks and Data Science from Pre-Processing to Deep Learning,['MARK CODING'],0,1,0.00,0
Managing Data Science: Effective strategies to manage data science projects and build a sustainable team,['Kirill Dubovikov'],0,2,3.50,2
"Machine Learning for Beginners: A Beginner's Guide to Start Out Your Journey With Data Science, Artificial Intelligence, ML and its Algorithms, Deep Learning and Neural Networks From Scratch",['Jason Knox'],0,1,5.00,1
Data Science with Python: Combine Python with machine learning principles to discover hidden patterns in raw data,"['Rohan Chopra', 'Aaron England', 'Mohamed Noordeen Alaudeen']",0,2,2.00,1
Java for Data Science,"['Richard Reese', 'Jennifer L. Reese']",0,3,4.00,2
Data Science: Questions and Answers,['George Duckett'],0,2,0.00,0
"Python Machine Learning: Programming and deep learning for beginners the crash course for python programming,neural networks,artificial intelligence and data science",['Leonard Smith'],0,2,0.00,0
Python Data Science: A Hands-on Guide Beyond the Basics,['Travis Booth'],0,2,0.00,0
Practical Data Science with SAP: Machine Learning Techniques for Enterprise Data,"['Greg Foss', 'Paul Modderman']",0,5,0.00,0
"Parallel Computing for Data Science: With Examples in R, C++ and CUDA (Chapman & Hall/CRC The R Series)",['Norman Matloff'],2015,1,3.50,2
Executive Data Science,['Roger D. Peng'],0,1,4.33,3
Data Science from Scratch: Intermediate guide for learning Data science and master it like a pro,['Samuel Harris'],0,1,2.33,3
"Machine Learning: Jump on the Way to the Future, Discover Artificial Intelligence and Data Science. Maximize your Business in the Modern World Mastering Deep Learning, Python and Algorithms",['Dan Phillips'],0,1,4.33,3
SPSS Essentials: Managing and Analyzing Social Sciences Data,['John T. Kulas'],2008,2,3.50,2
Python Data Science: The Ultimate and Complete Guide for Beginners to Master Data Science with Python Step By Step (Data Science Mastery Book 3),['Andrew Park'],0,2,0.00,0
"Data Analytics For Businesses 2019: How to Master Data Science with Optimized Marketing Strategies using Data Mining Algorithms, Big Data for Business and Machine Learning",['Edward Brown'],0,2,3.00,1
Introduction to Data Science: Data Analysis and Prediction Algorithms with R,['Rafael A Irizarry'],0,4,0.00,0
"Parallel Computing for Data Science: With Examples in R, C++ and Cuda",['Norman Matloff'],0,1,4.67,3
Business Analytics: The Science of Data-Driven Decision Making,['U Dinesh Kumar'],0,1,4.00,25
The Essentials of Data Science: Knowledge Discovery Using R,['Graham J Williams'],0,3,4.00,3
